0,0,1.57,0,1.57,0
0,0,1.569999,0,1.57,0
0,0,1.569997,0,1.57,0
0,0,1.569992,0,1.57,0
0,0,1.569984,0,1.57,0
0,0,1.569973,0,1.57,0
0,0,1.569957,0,1.57,0
0,0,1.569936,0,1.57,0
0,0,1.569909,0,1.57,0
0,0,1.569875,0,1.57,0
0,0,1.569834,0,1.57,0
0,0,1.569784,0,1.57,0
0,0,1.569725,0,1.57,0
0,0,1.569657,0,1.57,0
0,0,1.569578,0,1.57,0
0,0,1.569488,0,1.57,0
0,0,1.569386,0,1.57,0
0,0,1.569271,0,1.57,0
0,0,1.569143,0,1.57,0
0,0,1.569,0,1.57,0
0,0,1.568842,0,1.57,0
0,0,1.568669,0,1.57,0
0,0,1.568479,0,1.57,0
0,0,1.568272,0,1.57,0
0,0,1.568047,0,1.57,0
0,0,1.567803,0,1.57,0
0,0,1.56754,0,1.57,0
0,0,1.567259,0,1.57,0
0,0,1.566959,0,1.57,0
0,0,1.566643,0,1.57,0
0,0,1.566311,0,1.57,0
0,0,1.565963,0,1.57,0
0,0,1.5656,0,1.57,0
0,0,1.565224,0,1.57,0
0,0,1.564834,0,1.57,0
0,0,1.564432,0,1.57,0
0,0,1.564018,0,1.57,0
0,0,1.563593,0,1.57,0
0,0,1.563158,0,1.57,0
0,0,1.562713,0,1.57,0
0,0,1.562259,0,1.57,0
0,0,1.561798,0,1.57,0
0,0,1.561329,0,1.57,0
0,0,1.560854,0,1.57,0
0,0,1.560373,0,1.57,0
0,0,1.559888,0,1.57,0
0,0,1.559397,0,1.57,0
0,0,1.558904,0,1.57,0
0,0,1.558408,0,1.57,0
0,0,1.557909,0,1.57,0
0,0,1.55741,0,1.57,0
0,0,1.55691,0,1.57,0
0,0,1.55641,0,1.57,0
0,0,1.55591,0,1.57,0
0,0,1.55541,0,1.57,0
0,0,1.55491,0,1.57,0
0,0,1.55441,0,1.57,0
0,0,1.55391,0,1.57,0
0,0,1.55341,0,1.57,0
0,0,1.55291,0,1.57,0
0,0,1.55241,0,1.57,0
0,0,1.55191,0,1.57,0
0,0,1.55141,0,1.57,0
0,0,1.55091,0,1.57,0
0,0,1.55041,0,1.57,0
0,0,1.54991,0,1.57,0
0,0,1.54941,0,1.57,0
0,0,1.54891,0,1.57,0
0,0,1.54841,0,1.57,0
0,0,1.54791,0,1.57,0
0,0,1.54741,0,1.57,0
0,0,1.54691,0,1.57,0
0,0,1.54641,0,1.57,0
0,0,1.54591,0,1.57,0
0,0,1.54541,0,1.57,0
0,0,1.54491,0,1.57,0
0,0,1.54441,0,1.57,0
0,0,1.54391,0,1.57,0
0,0,1.54341,0,1.57,0
0,0,1.54291,0,1.57,0
0,0,1.54241,0,1.57,0
0,0,1.54191,0,1.57,0
0,0,1.54141,0,1.57,0
0,0,1.54091,0,1.57,0
0,0,1.54041,0,1.57,0
0,0,1.53991,0,1.57,0
0,0,1.53941,0,1.57,0
0,0,1.53891,0,1.57,0
0,0,1.53841,0,1.57,0
0,0,1.53791,0,1.57,0
0,0,1.53741,0,1.57,0
0,0,1.53691,0,1.57,0
0,0,1.53641,0,1.57,0
0,0,1.53591,0,1.57,0
0,0,1.53541,0,1.57,0
0,0,1.53491,0,1.57,0
0,0,1.53441,0,1.57,0
0,0,1.53391,0,1.57,0
0,0,1.53341,0,1.57,0
0,0,1.53291,0,1.57,0
0,0,1.53241,0,1.57,0
0,0,1.53191,0,1.57,0
0,0,1.53141,0,1.57,0
0,0,1.53091,0,1.57,0
0,0,1.53041,0,1.57,0
0,0,1.52991,0,1.57,0
0,0,1.52941,0,1.57,0
0,0,1.52891,0,1.57,0
0,0,1.52841,0,1.57,0
0,0,1.52791,0,1.57,0
0,0,1.52741,0,1.57,0
0,0,1.52691,0,1.57,0
0,0,1.52641,0,1.57,0
0,0,1.52591,0,1.57,0
0,0,1.52541,0,1.57,0
0,0,1.52491,0,1.57,0
0,0,1.52441,0,1.57,0
0,0,1.52391,0,1.57,0
0,0,1.52341,0,1.57,0
0,0,1.52291,0,1.57,0
0,0,1.52241,0,1.57,0
0,0,1.52191,0,1.57,0
0,0,1.52141,0,1.57,0
0,0,1.52091,0,1.57,0
0,0,1.52041,0,1.57,0
0,0,1.51991,0,1.57,0
0,0,1.51941,0,1.57,0
0,0,1.51891,0,1.57,0
0,0,1.51841,0,1.57,0
0,0,1.51791,0,1.57,0
0,0,1.51741,0,1.57,0
0,0,1.51691,0,1.57,0
0,0,1.51641,0,1.57,0
0,0,1.51591,0,1.57,0
0,0,1.51541,0,1.57,0
0,0,1.51491,0,1.57,0
0,0,1.51441,0,1.57,0
0,0,1.51391,0,1.57,0
0,0,1.51341,0,1.57,0
0,0,1.51291,0,1.57,0
0,0,1.51241,0,1.57,0
0,0,1.51191,0,1.57,0
0,0,1.51141,0,1.57,0
0,0,1.51091,0,1.57,0
0,0,1.51041,0,1.57,0
0,0,1.50991,0,1.57,0
0,0,1.50941,0,1.57,0
0,0,1.50891,0,1.57,0
0,0,1.50841,0,1.57,0
0,0,1.50791,0,1.57,0
0,0,1.50741,0,1.57,0
0,0,1.50691,0,1.57,0
0,0,1.50641,0,1.57,0
0,0,1.50591,0,1.57,0
0,0,1.50541,0,1.57,0
0,0,1.50491,0,1.57,0
0,0,1.50441,0,1.57,0
0,0,1.50391,0,1.57,0
0,0,1.50341,0,1.57,0
0,0,1.50291,0,1.57,0
0,0,1.50241,0,1.57,0
0,0,1.50191,0,1.57,0
0,0,1.50141,0,1.57,0
0,0,1.50091,0,1.57,0
0,0,1.50041,0,1.57,0
0,0,1.49991,0,1.57,0
0,0,1.49941,0,1.57,0
0,0,1.49891,0,1.57,0
0,0,1.49841,0,1.57,0
0,0,1.49791,0,1.57,0
0,0,1.49741,0,1.57,0
0,0,1.49691,0,1.57,0
0,0,1.49641,0,1.57,0
0,0,1.49591,0,1.57,0
0,0,1.49541,0,1.57,0
0,0,1.49491,0,1.57,0
0,0,1.49441,0,1.57,0
0,0,1.49391,0,1.57,0
0,0,1.49341,0,1.57,0
0,0,1.49291,0,1.57,0
0,0,1.49241,0,1.57,0
0,0,1.49191,0,1.57,0
0,0,1.49141,0,1.57,0
0,0,1.49091,0,1.57,0
0,0,1.49041,0,1.57,0
0,0,1.48991,0,1.57,0
0,0,1.48941,0,1.57,0
0,0,1.48891,0,1.57,0
0,0,1.48841,0,1.57,0
0,0,1.48791,0,1.57,0
0,0,1.48741,0,1.57,0
0,0,1.48691,0,1.57,0
0,0,1.48641,0,1.57,0
0,0,1.48591,0,1.57,0
0,0,1.48541,0,1.57,0
0,0,1.48491,0,1.57,0
0,0,1.48441,0,1.57,0
0,0,1.48391,0,1.57,0
0,0,1.48341,0,1.57,0
0,0,1.48291,0,1.57,0
0,0,1.48241,0,1.57,0
0,0,1.48191,0,1.57,0
0,0,1.48141,0,1.57,0
0,0,1.48091,0,1.57,0
0,0,1.48041,0,1.57,0
0,0,1.47991,0,1.57,0
0,0,1.47941,0,1.57,0
0,0,1.47891,0,1.57,0
0,0,1.47841,0,1.57,0
0,0,1.47791,0,1.57,0
0,0,1.47741,0,1.57,0
0,0,1.47691,0,1.57,0
0,0,1.47641,0,1.57,0
0,0,1.47591,0,1.57,0
0,0,1.47541,0,1.57,0
0,0,1.47491,0,1.57,0
0,0,1.47441,0,1.57,0
0,0,1.47391,0,1.57,0
0,0,1.47341,0,1.57,0
0,0,1.47291,0,1.57,0
0,0,1.47241,0,1.57,0
0,0,1.47191,0,1.57,0
0,0,1.47141,0,1.57,0
0,0,1.47091,0,1.57,0
0,0,1.47041,0,1.57,0
0,0,1.46991,0,1.57,0
0,0,1.46941,0,1.57,0
0,0,1.46891,0,1.57,0
0,0,1.46841,0,1.57,0
0,0,1.46791,0,1.57,0
0,0,1.46741,0,1.57,0
0,0,1.46691,0,1.57,0
0,0,1.46641,0,1.57,0
0,0,1.46591,0,1.57,0
0,0,1.46541,0,1.57,0
0,0,1.46491,0,1.57,0
0,0,1.46441,0,1.57,0
0,0,1.46391,0,1.57,0
0,0,1.46341,0,1.57,0
0,0,1.46291,0,1.57,0
0,0,1.46241,0,1.57,0
0,0,1.46191,0,1.57,0
0,0,1.46141,0,1.57,0
0,0,1.46091,0,1.57,0
0,0,1.46041,0,1.57,0
0,0,1.45991,0,1.57,0
0,0,1.45941,0,1.57,0
0,0,1.45891,0,1.57,0
0,0,1.45841,0,1.57,0
0,0,1.45791,0,1.57,0
0,0,1.45741,0,1.57,0
0,0,1.45691,0,1.57,0
0,0,1.45641,0,1.57,0
0,0,1.45591,0,1.57,0
0,0,1.45541,0,1.57,0
0,0,1.45491,0,1.57,0
0,0,1.45441,0,1.57,0
0,0,1.45391,0,1.57,0
0,0,1.45341,0,1.57,0
0,0,1.45291,0,1.57,0
0,0,1.45241,0,1.57,0
0,0,1.45191,0,1.57,0
0,0,1.45141,0,1.57,0
0,0,1.45091,0,1.57,0
0,0,1.45041,0,1.57,0
0,0,1.44991,0,1.57,0
0,0,1.44941,0,1.57,0
0,0,1.44891,0,1.57,0
0,0,1.44841,0,1.57,0
0,0,1.44791,0,1.57,0
0,0,1.44741,0,1.57,0
0,0,1.44691,0,1.57,0
0,0,1.44641,0,1.57,0
0,0,1.44591,0,1.57,0
0,0,1.44541,0,1.57,0
0,0,1.44491,0,1.57,0
0,0,1.44441,0,1.57,0
0,0,1.44391,0,1.57,0
0,0,1.44341,0,1.57,0
0,0,1.44291,0,1.57,0
0,0,1.44241,0,1.57,0
0,0,1.44191,0,1.57,0
0,0,1.44141,0,1.57,0
0,0,1.44091,0,1.57,0
0,0,1.44041,0,1.57,0
0,0,1.43991,0,1.57,0
0,0,1.43941,0,1.57,0
0,0,1.43891,0,1.57,0
0,0,1.43841,0,1.57,0
0,0,1.43791,0,1.57,0
0,0,1.43741,0,1.57,0
0,0,1.43691,0,1.57,0
0,0,1.43641,0,1.57,0
0,0,1.43591,0,1.57,0
0,0,1.43541,0,1.57,0
0,0,1.43491,0,1.57,0
0,0,1.43441,0,1.57,0
0,0,1.43391,0,1.57,0
0,0,1.43341,0,1.57,0
0,0,1.43291,0,1.57,0
0,0,1.43241,0,1.57,0
0,0,1.43191,0,1.57,0
0,0,1.43141,0,1.57,0
0,0,1.43091,0,1.57,0
0,0,1.43041,0,1.57,0
0,0,1.42991,0,1.57,0
0,0,1.42941,0,1.57,0
0,0,1.42891,0,1.57,0
0,0,1.42841,0,1.57,0
0,0,1.42791,0,1.57,0
0,0,1.42741,0,1.57,0
0,0,1.42691,0,1.57,0
0,0,1.42641,0,1.57,0
0,0,1.42591,0,1.57,0
0,0,1.42541,0,1.57,0
0,0,1.42491,0,1.57,0
0,0,1.42441,0,1.57,0
0,0,1.42391,0,1.57,0
0,0,1.42341,0,1.57,0
0,0,1.42291,0,1.57,0
0,0,1.42241,0,1.57,0
0,0,1.42191,0,1.57,0
0,0,1.42141,0,1.57,0
0,0,1.42091,0,1.57,0
0,0,1.42041,0,1.57,0
0,0,1.41991,0,1.57,0
0,0,1.41941,0,1.57,0
0,0,1.41891,0,1.57,0
0,0,1.41841,0,1.57,0
0,0,1.41791,0,1.57,0
0,0,1.41741,0,1.57,0
0,0,1.41691,0,1.57,0
0,0,1.41641,0,1.57,0
0,0,1.41591,0,1.57,0
0,0,1.41541,0,1.57,0
0,0,1.41491,0,1.57,0
0,0,1.41441,0,1.57,0
0,0,1.41391,0,1.57,0
0,0,1.41341,0,1.57,0
0,0,1.41291,0,1.57,0
0,0,1.41241,0,1.57,0
0,0,1.41191,0,1.57,0
0,0,1.41141,0,1.57,0
0,0,1.41091,0,1.57,0
0,0,1.41041,0,1.57,0
0,0,1.40991,0,1.57,0
0,0,1.40941,0,1.57,0
0,0,1.40891,0,1.57,0
0,0,1.40841,0,1.57,0
0,0,1.40791,0,1.57,0
0,0,1.40741,0,1.57,0
0,0,1.40691,0,1.57,0
0,0,1.40641,0,1.57,0
0,0,1.40591,0,1.57,0
0,0,1.40541,0,1.57,0
0,0,1.40491,0,1.57,0
0,0,1.40441,0,1.57,0
0,0,1.40391,0,1.57,0
0,0,1.40341,0,1.57,0
0,0,1.40291,0,1.57,0
0,0,1.40241,0,1.57,0
0,0,1.40191,0,1.57,0
0,0,1.40141,0,1.57,0
0,0,1.40091,0,1.57,0
0,0,1.40041,0,1.57,0
0,0,1.39991,0,1.57,0
0,0,1.39941,0,1.57,0
0,0,1.39891,0,1.57,0
0,0,1.39841,0,1.57,0
0,0,1.39791,0,1.57,0
0,0,1.39741,0,1.57,0
0,0,1.39691,0,1.57,0
0,0,1.39641,0,1.57,0
0,0,1.39591,0,1.57,0
0,0,1.39541,0,1.57,0
0,0,1.39491,0,1.57,0
0,0,1.39441,0,1.57,0
0,0,1.39391,0,1.57,0
0,0,1.39341,0,1.57,0
0,0,1.39291,0,1.57,0
0,0,1.39241,0,1.57,0
0,0,1.39191,0,1.57,0
0,0,1.39141,0,1.57,0
0,0,1.39091,0,1.57,0
0,0,1.39041,0,1.57,0
0,0,1.38991,0,1.57,0
0,0,1.38941,0,1.57,0
0,0,1.38891,0,1.57,0
0,0,1.38841,0,1.57,0
0,0,1.38791,0,1.57,0
0,0,1.38741,0,1.57,0
0,0,1.38691,0,1.57,0
0,0,1.38641,0,1.57,0
0,0,1.38591,0,1.57,0
0,0,1.38541,0,1.57,0
0,0,1.38491,0,1.57,0
0,0,1.38441,0,1.57,0
0,0,1.38391,0,1.57,0
0,0,1.38341,0,1.57,0
0,0,1.38291,0,1.57,0
0,0,1.38241,0,1.57,0
0,0,1.38191,0,1.57,0
0,0,1.38141,0,1.57,0
0,0,1.38091,0,1.57,0
0,0,1.38041,0,1.57,0
0,0,1.37991,0,1.57,0
0,0,1.37941,0,1.57,0
0,0,1.37891,0,1.57,0
0,0,1.37841,0,1.57,0
0,0,1.37791,0,1.57,0
0,0,1.37741,0,1.57,0
0,0,1.37691,0,1.57,0
0,0,1.37641,0,1.57,0
0,0,1.37591,0,1.57,0
0,0,1.37541,0,1.57,0
0,0,1.37491,0,1.57,0
0,0,1.37441,0,1.57,0
0,0,1.37391,0,1.57,0
0,0,1.37341,0,1.57,0
0,0,1.37291,0,1.57,0
0,0,1.37241,0,1.57,0
0,0,1.37191,0,1.57,0
0,0,1.37141,0,1.57,0
0,0,1.37091,0,1.57,0
0,0,1.37041,0,1.57,0
0,0,1.36991,0,1.57,0
0,0,1.36941,0,1.57,0
0,0,1.36891,0,1.57,0
0,0,1.36841,0,1.57,0
0,0,1.36791,0,1.57,0
0,0,1.36741,0,1.57,0
0,0,1.36691,0,1.57,0
0,0,1.36641,0,1.57,0
0,0,1.36591,0,1.57,0
0,0,1.36541,0,1.57,0
0,0,1.36491,0,1.57,0
0,0,1.36441,0,1.57,0
0,0,1.36391,0,1.57,0
0,0,1.36341,0,1.57,0
0,0,1.36291,0,1.57,0
0,0,1.36241,0,1.57,0
0,0,1.36191,0,1.57,0
0,0,1.36141,0,1.57,0
0,0,1.36091,0,1.57,0
0,0,1.36041,0,1.57,0
0,0,1.35991,0,1.57,0
0,0,1.35941,0,1.57,0
0,0,1.35891,0,1.57,0
0,0,1.35841,0,1.57,0
0,0,1.35791,0,1.57,0
0,0,1.35741,0,1.57,0
0,0,1.35691,0,1.57,0
0,0,1.35641,0,1.57,0
0,0,1.35591,0,1.57,0
0,0,1.35541,0,1.57,0
0,0,1.35491,0,1.57,0
0,0,1.35441,0,1.57,0
0,0,1.35391,0,1.57,0
0,0,1.35341,0,1.57,0
0,0,1.35291,0,1.57,0
0,0,1.35241,0,1.57,0
0,0,1.35191,0,1.57,0
0,0,1.35141,0,1.57,0
0,0,1.35091,0,1.57,0
0,0,1.35041,0,1.57,0
0,0,1.34991,0,1.57,0
0,0,1.34941,0,1.57,0
0,0,1.34891,0,1.57,0
0,0,1.34841,0,1.57,0
0,0,1.34791,0,1.57,0
0,0,1.34741,0,1.57,0
0,0,1.34691,0,1.57,0
0,0,1.34641,0,1.57,0
0,0,1.34591,0,1.57,0
0,0,1.34541,0,1.57,0
0,0,1.34491,0,1.57,0
0,0,1.34441,0,1.57,0
0,0,1.34391,0,1.57,0
0,0,1.34341,0,1.57,0
0,0,1.34291,0,1.57,0
0,0,1.34241,0,1.57,0
0,0,1.34191,0,1.57,0
0,0,1.34141,0,1.57,0
0,0,1.34091,0,1.57,0
0,0,1.34041,0,1.57,0
0,0,1.33991,0,1.57,0
0,0,1.33941,0,1.57,0
0,0,1.33891,0,1.57,0
0,0,1.33841,0,1.57,0
0,0,1.33791,0,1.57,0
0,0,1.33741,0,1.57,0
0,0,1.33691,0,1.57,0
0,0,1.33641,0,1.57,0
0,0,1.33591,0,1.57,0
0,0,1.33541,0,1.57,0
0,0,1.33491,0,1.57,0
0,0,1.33441,0,1.57,0
0,0,1.33391,0,1.57,0
0,0,1.33341,0,1.57,0
0,0,1.33291,0,1.57,0
0,0,1.33241,0,1.57,0
0,0,1.33191,0,1.57,0
0,0,1.33141,0,1.57,0
0,0,1.33091,0,1.57,0
0,0,1.33041,0,1.57,0
0,0,1.32991,0,1.57,0
0,0,1.32941,0,1.57,0
0,0,1.32891,0,1.57,0
0,0,1.32841,0,1.57,0
0,0,1.32791,0,1.57,0
0,0,1.32741,0,1.57,0
0,0,1.32691,0,1.57,0
0,0,1.32641,0,1.57,0
0,0,1.32591,0,1.57,0
0,0,1.32541,0,1.57,0
0,0,1.32491,0,1.57,0
0,0,1.32441,0,1.57,0
0,0,1.32391,0,1.57,0
0,0,1.32341,0,1.57,0
0,0,1.32291,0,1.57,0
0,0,1.32241,0,1.57,0
0,0,1.32191,0,1.57,0
0,0,1.32141,0,1.57,0
0,0,1.32091,0,1.57,0
0,0,1.32041,0,1.57,0
0,0,1.31991,0,1.57,0
0,0,1.31941,0,1.57,0
0,0,1.31891,0,1.57,0
0,0,1.31841,0,1.57,0
0,0,1.31791,0,1.57,0
0,0,1.31741,0,1.57,0
0,0,1.31691,0,1.57,0
0,0,1.31641,0,1.57,0
0,0,1.31591,0,1.57,0
0,0,1.31541,0,1.57,0
0,0,1.31491,0,1.57,0
0,0,1.31441,0,1.57,0
0,0,1.31391,0,1.57,0
0,0,1.31341,0,1.57,0
0,0,1.31291,0,1.57,0
0,0,1.31241,0,1.57,0
0,0,1.31191,0,1.57,0
0,0,1.31141,0,1.57,0
0,0,1.31091,0,1.57,0
0,0,1.31041,0,1.57,0
0,0,1.30991,0,1.57,0
0,0,1.30941,0,1.57,0
0,0,1.30891,0,1.57,0
0,0,1.30841,0,1.57,0
0,0,1.30791,0,1.57,0
0,0,1.30741,0,1.57,0
0,0,1.30691,0,1.57,0
0,0,1.30641,0,1.57,0
0,0,1.30591,0,1.57,0
0,0,1.30541,0,1.57,0
0,0,1.30491,0,1.57,0
0,0,1.30441,0,1.57,0
0,0,1.30391,0,1.57,0
0,0,1.30341,0,1.57,0
0,0,1.30291,0,1.57,0
0,0,1.30241,0,1.57,0
0,0,1.30191,0,1.57,0
0,0,1.30141,0,1.57,0
0,0,1.30091,0,1.57,0
0,0,1.30041,0,1.57,0
0,0,1.29991,0,1.57,0
0,0,1.29941,0,1.57,0
0,0,1.29891,0,1.57,0
0,0,1.29841,0,1.57,0
0,0,1.29791,0,1.57,0
0,0,1.29741,0,1.57,0
0,0,1.29691,0,1.57,0
0,0,1.29641,0,1.57,0
0,0,1.29591,0,1.57,0
0,0,1.29541,0,1.57,0
0,0,1.29491,0,1.57,0
0,0,1.29441,0,1.57,0
0,0,1.29391,0,1.57,0
0,0,1.29341,0,1.57,0
0,0,1.29291,0,1.57,0
0,0,1.29241,0,1.57,0
0,0,1.29191,0,1.57,0
0,0,1.29141,0,1.57,0
0,0,1.29091,0,1.57,0
0,0,1.29041,0,1.57,0
0,0,1.28991,0,1.57,0
0,0,1.28941,0,1.57,0
0,0,1.28891,0,1.57,0
0,0,1.28841,0,1.57,0
0,0,1.28791,0,1.57,0
0,0,1.28741,0,1.57,0
0,0,1.28691,0,1.57,0
0,0,1.28641,0,1.57,0
0,0,1.28591,0,1.57,0
0,0,1.28541,0,1.57,0
0,0,1.28491,0,1.57,0
0,0,1.28441,0,1.57,0
0,0,1.28391,0,1.57,0
0,0,1.28341,0,1.57,0
0,0,1.28291,0,1.57,0
0,0,1.28241,0,1.57,0
0,0,1.28191,0,1.57,0
0,0,1.28141,0,1.57,0
0,0,1.28091,0,1.57,0
0,0,1.28041,0,1.57,0
0,0,1.27991,0,1.57,0
0,0,1.27941,0,1.57,0
0,0,1.27891,0,1.57,0
0,0,1.27841,0,1.57,0
0,0,1.27791,0,1.57,0
0,0,1.27741,0,1.57,0
0,0,1.27691,0,1.57,0
0,0,1.27641,0,1.57,0
0,0,1.27591,0,1.57,0
0,0,1.27541,0,1.57,0
0,0,1.27491,0,1.57,0
0,0,1.27441,0,1.57,0
0,0,1.27391,0,1.57,0
0,0,1.27341,0,1.57,0
0,0,1.27291,0,1.57,0
0,0,1.27241,0,1.57,0
0,0,1.27191,0,1.57,0
0,0,1.27141,0,1.57,0
0,0,1.27091,0,1.57,0
0,0,1.27041,0,1.57,0
0,0,1.26991,0,1.57,0
0,0,1.26941,0,1.57,0
0,0,1.26891,0,1.57,0
0,0,1.26841,0,1.57,0
0,0,1.26791,0,1.57,0
0,0,1.26741,0,1.57,0
0,0,1.26691,0,1.57,0
0,0,1.26641,0,1.57,0
0,0,1.26591,0,1.57,0
0,0,1.26541,0,1.57,0
0,0,1.26491,0,1.57,0
0,0,1.26441,0,1.57,0
0,0,1.26391,0,1.57,0
0,0,1.26341,0,1.57,0
0,0,1.26291,0,1.57,0
0,0,1.26241,0,1.57,0
0,0,1.26191,0,1.57,0
0,0,1.26141,0,1.57,0
0,0,1.26091,0,1.57,0
0,0,1.26041,0,1.57,0
0,0,1.25991,0,1.57,0
0,0,1.25941,0,1.57,0
0,0,1.25891,0,1.57,0
0,0,1.25841,0,1.57,0
0,0,1.25791,0,1.57,0
0,0,1.25741,0,1.57,0
0,0,1.25691,0,1.57,0
0,0,1.25641,0,1.57,0
0,0,1.25591,0,1.57,0
0,0,1.25541,0,1.57,0
0,0,1.25491,0,1.57,0
0,0,1.25441,0,1.57,0
0,0,1.25391,0,1.57,0
0,0,1.25341,0,1.57,0
0,0,1.25291,0,1.57,0
0,0,1.25241,0,1.57,0
0,0,1.25191,0,1.57,0
0,0,1.25141,0,1.57,0
0,0,1.25091,0,1.57,0
0,0,1.25041,0,1.57,0
0,0,1.24991,0,1.57,0
0,0,1.24941,0,1.57,0
0,0,1.24891,0,1.57,0
0,0,1.24841,0,1.57,0
0,0,1.24791,0,1.57,0
0,0,1.24741,0,1.57,0
0,0,1.24691,0,1.57,0
0,0,1.24641,0,1.57,0
0,0,1.24591,0,1.57,0
0,0,1.24541,0,1.57,0
0,0,1.24491,0,1.57,0
0,0,1.24441,0,1.57,0
0,0,1.24391,0,1.57,0
0,0,1.24341,0,1.57,0
0,0,1.24291,0,1.57,0
0,0,1.24241,0,1.57,0
0,0,1.24191,0,1.57,0
0,0,1.24141,0,1.57,0
0,0,1.24091,0,1.57,0
0,0,1.24041,0,1.57,0
0,0,1.23991,0,1.57,0
0,0,1.23941,0,1.57,0
0,0,1.23891,0,1.57,0
0,0,1.23841,0,1.57,0
0,0,1.23791,0,1.57,0
0,0,1.23741,0,1.57,0
0,0,1.23691,0,1.57,0
0,0,1.23641,0,1.57,0
0,0,1.23591,0,1.57,0
0,0,1.23541,0,1.57,0
0,0,1.23491,0,1.57,0
0,0,1.23441,0,1.57,0
0,0,1.23391,0,1.57,0
0,0,1.23341,0,1.57,0
0,0,1.23291,0,1.57,0
0,0,1.23241,0,1.57,0
0,0,1.23191,0,1.57,0
0,0,1.23141,0,1.57,0
0,0,1.23091,0,1.57,0
0,0,1.23041,0,1.57,0
0,0,1.22991,0,1.57,0
0,0,1.22941,0,1.57,0
0,0,1.22891,0,1.57,0
0,0,1.22841,0,1.57,0
0,0,1.22791,0,1.57,0
0,0,1.22741,0,1.57,0
0,0,1.22691,0,1.57,0
0,0,1.22641,0,1.57,0
0,0,1.22591,0,1.57,0
0,0,1.22541,0,1.57,0
0,0,1.22491,0,1.57,0
0,0,1.22441,0,1.57,0
0,0,1.22391,0,1.57,0
0,0,1.22341,0,1.57,0
0,0,1.22291,0,1.57,0
0,0,1.22241,0,1.57,0
0,0,1.22191,0,1.57,0
0,0,1.22141,0,1.57,0
0,0,1.22091,0,1.57,0
0,0,1.22041,0,1.57,0
0,0,1.21991,0,1.57,0
0,0,1.21941,0,1.57,0
0,0,1.21891,0,1.57,0
0,0,1.21841,0,1.57,0
0,0,1.21791,0,1.57,0
0,0,1.21741,0,1.57,0
0,0,1.21691,0,1.57,0
0,0,1.21641,0,1.57,0
0,0,1.21591,0,1.57,0
0,0,1.21541,0,1.57,0
0,0,1.21491,0,1.57,0
0,0,1.21441,0,1.57,0
0,0,1.21391,0,1.57,0
0,0,1.21341,0,1.57,0
0,0,1.21291,0,1.57,0
0,0,1.21241,0,1.57,0
0,0,1.21191,0,1.57,0
0,0,1.21141,0,1.57,0
0,0,1.21091,0,1.57,0
0,0,1.21041,0,1.57,0
0,0,1.20991,0,1.57,0
0,0,1.20941,0,1.57,0
0,0,1.20891,0,1.57,0
0,0,1.20841,0,1.57,0
0,0,1.20791,0,1.57,0
0,0,1.20741,0,1.57,0
0,0,1.20691,0,1.57,0
0,0,1.20641,0,1.57,0
0,0,1.20591,0,1.57,0
0,0,1.20541,0,1.57,0
0,0,1.20491,0,1.57,0
0,0,1.20441,0,1.57,0
0,0,1.20391,0,1.57,0
0,0,1.20341,0,1.57,0
0,0,1.20291,0,1.57,0
0,0,1.20241,0,1.57,0
0,0,1.20191,0,1.57,0
0,0,1.20141,0,1.57,0
0,0,1.20091,0,1.57,0
0,0,1.20041,0,1.57,0
0,0,1.19991,0,1.57,0
0,0,1.19941,0,1.57,0
0,0,1.19891,0,1.57,0
0,0,1.19841,0,1.57,0
0,0,1.19791,0,1.57,0
0,0,1.19741,0,1.57,0
0,0,1.19691,0,1.57,0
0,0,1.19641,0,1.57,0
0,0,1.19591,0,1.57,0
0,0,1.19541,0,1.57,0
0,0,1.19491,0,1.57,0
0,0,1.19441,0,1.57,0
0,0,1.19391,0,1.57,0
0,0,1.19341,0,1.57,0
0,0,1.19291,0,1.57,0
0,0,1.19241,0,1.57,0
0,0,1.19191,0,1.57,0
0,0,1.19141,0,1.57,0
0,0,1.19091,0,1.57,0
0,0,1.19041,0,1.57,0
0,0,1.18991,0,1.57,0
0,0,1.18941,0,1.57,0
0,0,1.18891,0,1.57,0
0,0,1.18841,0,1.57,0
0,0,1.18791,0,1.57,0
0,0,1.18741,0,1.57,0
0,0,1.18691,0,1.57,0
0,0,1.18641,0,1.57,0
0,0,1.18591,0,1.57,0
0,0,1.18541,0,1.57,0
0,0,1.18491,0,1.57,0
0,0,1.18441,0,1.57,0
0,0,1.18391,0,1.57,0
0,0,1.18341,0,1.57,0
0,0,1.18291,0,1.57,0
0,0,1.18241,0,1.57,0
0,0,1.18191,0,1.57,0
0,0,1.18141,0,1.57,0
0,0,1.18091,0,1.57,0
0,0,1.18041,0,1.57,0
0,0,1.17991,0,1.57,0
0,0,1.17941,0,1.57,0
0,0,1.17891,0,1.57,0
0,0,1.17841,0,1.57,0
0,0,1.17791,0,1.57,0
0,0,1.17741,0,1.57,0
0,0,1.17691,0,1.57,0
0,0,1.17641,0,1.57,0
0,0,1.17591,0,1.57,0
0,0,1.17541,0,1.57,0
0,0,1.17491,0,1.57,0
0,0,1.17441,0,1.57,0
0,0,1.17391,0,1.57,0
0,0,1.17341,0,1.57,0
0,0,1.17291,0,1.57,0
0,0,1.17241,0,1.57,0
0,0,1.17191,0,1.57,0
0,0,1.17141,0,1.57,0
0,0,1.17091,0,1.57,0
0,0,1.17041,0,1.57,0
0,0,1.16991,0,1.57,0
0,0,1.16941,0,1.57,0
0,0,1.16891,0,1.57,0
0,0,1.16841,0,1.57,0
0,0,1.16791,0,1.57,0
0,0,1.16741,0,1.57,0
0,0,1.16691,0,1.57,0
0,0,1.16641,0,1.57,0
0,0,1.16591,0,1.57,0
0,0,1.16541,0,1.57,0
0,0,1.16491,0,1.57,0
0,0,1.16441,0,1.57,0
0,0,1.16391,0,1.57,0
0,0,1.16341,0,1.57,0
0,0,1.16291,0,1.57,0
0,0,1.16241,0,1.57,0
0,0,1.16191,0,1.57,0
0,0,1.16141,0,1.57,0
0,0,1.16091,0,1.57,0
0,0,1.16041,0,1.57,0
0,0,1.15991,0,1.57,0
0,0,1.15941,0,1.57,0
0,0,1.15891,0,1.57,0
0,0,1.15841,0,1.57,0
0,0,1.15791,0,1.57,0
0,0,1.15741,0,1.57,0
0,0,1.15691,0,1.57,0
0,0,1.15641,0,1.57,0
0,0,1.15591,0,1.57,0
0,0,1.15541,0,1.57,0
0,0,1.15491,0,1.57,0
0,0,1.15441,0,1.57,0
0,0,1.15391,0,1.57,0
0,0,1.15341,0,1.57,0
0,0,1.15291,0,1.57,0
0,0,1.15241,0,1.57,0
0,0,1.15191,0,1.57,0
0,0,1.15141,0,1.57,0
0,0,1.15091,0,1.57,0
0,0,1.15041,0,1.57,0
0,0,1.14991,0,1.57,0
0,0,1.14941,0,1.57,0
0,0,1.14891,0,1.57,0
0,0,1.14841,0,1.57,0
0,0,1.14791,0,1.57,0
0,0,1.14741,0,1.57,0
0,0,1.14691,0,1.57,0
0,0,1.14641,0,1.57,0
0,0,1.14591,0,1.57,0
0,0,1.14541,0,1.57,0
0,0,1.14491,0,1.57,0
0,0,1.14441,0,1.57,0
0,0,1.14391,0,1.57,0
0,0,1.14341,0,1.57,0
0,0,1.14291,0,1.57,0
0,0,1.14241,0,1.57,0
0,0,1.14191,0,1.57,0
0,0,1.14141,0,1.57,0
0,0,1.14091,0,1.57,0
0,0,1.14041,0,1.57,0
0,0,1.13991,0,1.57,0
0,0,1.13941,0,1.57,0
0,0,1.13891,0,1.57,0
0,0,1.13841,0,1.57,0
0,0,1.13791,0,1.57,0
0,0,1.13741,0,1.57,0
0,0,1.13691,0,1.57,0
0,0,1.13641,0,1.57,0
0,0,1.13591,0,1.57,0
0,0,1.13541,0,1.57,0
0,0,1.13491,0,1.57,0
0,0,1.13441,0,1.57,0
0,0,1.13391,0,1.57,0
0,0,1.13341,0,1.57,0
0,0,1.13291,0,1.57,0
0,0,1.13241,0,1.57,0
0,0,1.13191,0,1.57,0
0,0,1.13141,0,1.57,0
0,0,1.13091,0,1.57,0
0,0,1.13041,0,1.57,0
0,0,1.12991,0,1.57,0
0,0,1.12941,0,1.57,0
0,0,1.12891,0,1.57,0
0,0,1.12841,0,1.57,0
0,0,1.12791,0,1.57,0
0,0,1.12741,0,1.57,0
0,0,1.12691,0,1.57,0
0,0,1.12641,0,1.57,0
0,0,1.12591,0,1.57,0
0,0,1.12541,0,1.57,0
0,0,1.12491,0,1.57,0
0,0,1.12441,0,1.57,0
0,0,1.12391,0,1.57,0
0,0,1.12341,0,1.57,0
0,0,1.12291,0,1.57,0
0,0,1.12241,0,1.57,0
0,0,1.12191,0,1.57,0
0,0,1.12141,0,1.57,0
0,0,1.12091,0,1.57,0
0,0,1.12041,0,1.57,0
0,0,1.11991,0,1.57,0
0,0,1.11941,0,1.57,0
0,0,1.11891,0,1.57,0
0,0,1.11841,0,1.57,0
0,0,1.11791,0,1.57,0
0,0,1.11741,0,1.57,0
0,0,1.11691,0,1.57,0
0,0,1.11641,0,1.57,0
0,0,1.11591,0,1.57,0
0,0,1.11541,0,1.57,0
0,0,1.11491,0,1.57,0
0,0,1.11441,0,1.57,0
0,0,1.11391,0,1.57,0
0,0,1.11341,0,1.57,0
0,0,1.11291,0,1.57,0
0,0,1.11241,0,1.57,0
0,0,1.11191,0,1.57,0
0,0,1.11141,0,1.57,0
0,0,1.11091,0,1.57,0
0,0,1.11041,0,1.57,0
0,0,1.10991,0,1.57,0
0,0,1.10941,0,1.57,0
0,0,1.10891,0,1.57,0
0,0,1.10841,0,1.57,0
0,0,1.10791,0,1.57,0
0,0,1.10741,0,1.57,0
0,0,1.10691,0,1.57,0
0,0,1.10641,0,1.57,0
0,0,1.10591,0,1.57,0
0,0,1.10541,0,1.57,0
0,0,1.10491,0,1.57,0
0,0,1.10441,0,1.57,0
0,0,1.10391,0,1.57,0
0,0,1.10341,0,1.57,0
0,0,1.10291,0,1.57,0
0,0,1.10241,0,1.57,0
0,0,1.10191,0,1.57,0
0,0,1.10141,0,1.57,0
0,0,1.10091,0,1.57,0
0,0,1.10041,0,1.57,0
0,0,1.09991,0,1.57,0
0,0,1.09941,0,1.57,0
0,0,1.09891,0,1.57,0
0,0,1.09841,0,1.57,0
0,0,1.09791,0,1.57,0
0,0,1.09741,0,1.57,0
0,0,1.09691,0,1.57,0
0,0,1.09641,0,1.57,0
0,0,1.09591,0,1.57,0
0,0,1.09541,0,1.57,0
0,0,1.09491,0,1.57,0
0,0,1.09441,0,1.57,0
0,0,1.09391,0,1.57,0
0,0,1.09341,0,1.57,0
0,0,1.09291,0,1.57,0
0,0,1.09241,0,1.57,0
0,0,1.09191,0,1.57,0
0,0,1.09141,0,1.57,0
0,0,1.09091,0,1.57,0
0,0,1.09041,0,1.57,0
0,0,1.08991,0,1.57,0
0,0,1.08941,0,1.57,0
0,0,1.08891,0,1.57,0
0,0,1.08841,0,1.57,0
0,0,1.08791,0,1.57,0
0,0,1.08741,0,1.57,0
0,0,1.08691,0,1.57,0
0,0,1.08641,0,1.57,0
0,0,1.08591,0,1.57,0
0,0,1.08541,0,1.57,0
0,0,1.08491,0,1.57,0
0,0,1.08441,0,1.57,0
0,0,1.08391,0,1.57,0
0,0,1.08341,0,1.57,0
0,0,1.08291,0,1.57,0
0,0,1.08241,0,1.57,0
0,0,1.08191,0,1.57,0
0,0,1.08141,0,1.57,0
0,0,1.08091,0,1.57,0
0,0,1.08041,0,1.57,0
0,0,1.07991,0,1.57,0
0,0,1.07941,0,1.57,0
0,0,1.07891,0,1.57,0
0,0,1.07841,0,1.57,0
0,0,1.07791,0,1.57,0
0,0,1.07741,0,1.57,0
0,0,1.07691,0,1.57,0
0,0,1.07641,0,1.57,0
0,0,1.07591,0,1.57,0
0,0,1.07541,0,1.57,0
0,0,1.07491,0,1.57,0
0,0,1.07441,0,1.57,0
0,0,1.07391,0,1.57,0
0,0,1.07341,0,1.57,0
0,0,1.07291,0,1.57,0
0,0,1.07241,0,1.57,0
0,0,1.07191,0,1.57,0
0,0,1.07141,0,1.57,0
0,0,1.07091,0,1.57,0
0,0,1.07041,0,1.57,0
0,0,1.06991,0,1.57,0
0,0,1.06941,0,1.57,0
0,0,1.06891,0,1.57,0
0,0,1.06841,0,1.57,0
0,0,1.06791,0,1.57,0
0,0,1.06741,0,1.57,0
0,0,1.06691,0,1.57,0
0,0,1.06641,0,1.57,0
0,0,1.06591,0,1.57,0
0,0,1.06541,0,1.57,0
0,0,1.06491,0,1.57,0
0,0,1.06441,0,1.57,0
0,0,1.06391,0,1.57,0
0,0,1.06341,0,1.57,0
0,0,1.06291,0,1.57,0
0,0,1.06241,0,1.57,0
0,0,1.06191,0,1.57,0
0,0,1.06141,0,1.57,0
0,0,1.06091,0,1.57,0
0,0,1.06041,0,1.57,0
0,0,1.05991,0,1.57,0
0,0,1.05941,0,1.57,0
0,0,1.05891,0,1.57,0
0,0,1.05841,0,1.57,0
0,0,1.05791,0,1.57,0
0,0,1.05741,0,1.57,0
0,0,1.05691,0,1.57,0
0,0,1.05641,0,1.57,0
0,0,1.05591,0,1.57,0
0,0,1.05541,0,1.57,0
0,0,1.05491,0,1.57,0
0,0,1.05441,0,1.57,0
0,0,1.05391,0,1.57,0
0,0,1.05341,0,1.57,0
0,0,1.05291,0,1.57,0
0,0,1.05241,0,1.57,0
0,0,1.05191,0,1.57,0
0,0,1.05141,0,1.57,0
0,0,1.05091,0,1.57,0
0,0,1.05041,0,1.57,0
0,0,1.04991,0,1.57,0
0,0,1.04941,0,1.57,0
0,0,1.04891,0,1.57,0
0,0,1.04841,0,1.57,0
0,0,1.04791,0,1.57,0
0,0,1.04741,0,1.57,0
0,0,1.04691,0,1.57,0
0,0,1.04641,0,1.57,0
0,0,1.04591,0,1.57,0
0,0,1.04541,0,1.57,0
0,0,1.04491,0,1.57,0
0,0,1.04441,0,1.57,0
0,0,1.04391,0,1.57,0
0,0,1.04341,0,1.57,0
0,0,1.04291,0,1.57,0
0,0,1.04241,0,1.57,0
0,0,1.04191,0,1.57,0
0,0,1.04141,0,1.57,0
0,0,1.04091,0,1.57,0
0,0,1.04041,0,1.57,0
0,0,1.03991,0,1.57,0
0,0,1.03941,0,1.57,0
0,0,1.03891,0,1.57,0
0,0,1.03841,0,1.57,0
0,0,1.03791,0,1.57,0
0,0,1.03741,0,1.57,0
0,0,1.03691,0,1.57,0
0,0,1.03641,0,1.57,0
0,0,1.03591,0,1.57,0
0,0,1.03541,0,1.57,0
0,0,1.03491,0,1.57,0
0,0,1.03441,0,1.57,0
0,0,1.03391,0,1.57,0
0,0,1.03341,0,1.57,0
0,0,1.03291,0,1.57,0
0,0,1.03241,0,1.57,0
0,0,1.03191,0,1.57,0
0,0,1.03141,0,1.57,0
0,0,1.03091,0,1.57,0
0,0,1.03041,0,1.57,0
0,0,1.02991,0,1.57,0
0,0,1.02941,0,1.57,0
0,0,1.02891,0,1.57,0
0,0,1.02841,0,1.57,0
0,0,1.02791,0,1.57,0
0,0,1.02741,0,1.57,0
0,0,1.02691,0,1.57,0
0,0,1.02641,0,1.57,0
0,0,1.02591,0,1.57,0
0,0,1.02541,0,1.57,0
0,0,1.02491,0,1.57,0
0,0,1.02441,0,1.57,0
0,0,1.02391,0,1.57,0
0,0,1.02341,0,1.57,0
0,0,1.02291,0,1.57,0
0,0,1.02241,0,1.57,0
0,0,1.02191,0,1.57,0
0,0,1.02141,0,1.57,0
0,0,1.02091,0,1.57,0
0,0,1.02041,0,1.57,0
0,0,1.01991,0,1.57,0
0,0,1.01941,0,1.57,0
0,0,1.01891,0,1.57,0
0,0,1.01841,0,1.57,0
0,0,1.01791,0,1.57,0
0,0,1.01741,0,1.57,0
0,0,1.01691,0,1.57,0
0,0,1.01641,0,1.57,0
0,0,1.01591,0,1.57,0
0,0,1.01541,0,1.57,0
0,0,1.01491,0,1.57,0
0,0,1.01441,0,1.57,0
0,0,1.01391,0,1.57,0
0,0,1.01341,0,1.57,0
0,0,1.01291,0,1.57,0
0,0,1.01241,0,1.57,0
0,0,1.011911,0,1.57,0
0,0,1.011413,0,1.57,0
0,0,1.010918,0,1.57,0
0,0,1.010426,0,1.57,0
0,0,1.009937,0,1.57,0
0,0,1.009453,0,1.57,0
0,0,1.008974,0,1.57,0
0,0,1.008501,0,1.57,0
0,0,1.008035,0,1.57,0
0,0,1.007576,0,1.57,0
0,0,1.007126,0,1.57,0
0,0,1.006685,0,1.57,0
0,0,1.006253,0,1.57,0
0,0,1.005832,0,1.57,0
0,0,1.005422,0,1.57,0
0,0,1.005024,0,1.57,0
0,0,1.004639,0,1.57,0
0,0,1.004267,0,1.57,0
0,0,1.00391,0,1.57,0
0,0,1.003568,0,1.57,0
0,0,1.003241,0,1.57,0
0,0,1.002931,0,1.57,0
0,0,1.002638,0,1.57,0
0,0,1.002363,0,1.57,0
0,0,1.002107,0,1.57,0
0,0,1.00187,0,1.57,0
0,0,1.001651,0,1.57,0
0,0,1.001451,0,1.57,0
0,0,1.001267,0,1.57,0
0,0,1.001099,0,1.57,0
0,0,1.000947,0,1.57,0
0,0,1.00081,0,1.57,0
0,0,1.000686,0,1.57,0
0,0,1.000576,0,1.57,0
0,0,1.000478,0,1.57,0
0,0,1.000392,0,1.57,0
0,0,1.000317,0,1.57,0
0,0,1.000252,0,1.57,0
0,0,1.000197,0,1.57,0
0,0,1.000151,0,1.57,0
0,0,1.000112,0,1.57,0
0,0,1.000081,0,1.57,0
0,0,1.000056,0,1.57,0
0,0,1.000037,0,1.57,0
0,0,1.000022,0,1.57,0
0,0,1.000012,0,1.57,0
0,0,1.000006,0,1.57,0
0,0,1.000002,0,1.57,0
0,0,1.000001,0,1.57,0
0,0,1,0,1.57,0
0,0,1,0,1.57,0
